"","Col0.1","Col0.2","Col0.3","Col0.4","Col0.5","Col0.6","Col0.7","Col0.8","Col0.9","Col0.10","Col0.11","Col0.12","Col0.13","Col0.14","Col0.15","Col0.16","Col0.17","tt4.1","tt4.2","tt4.3","tt4.4","tt4.5","tt4.6","tt4.7","tt4.8","tt4.9","tt4.10","tt4.11","tt4.12","tt4.13","tt4.14","tt4.15","tt4.16","tt4.17","tt4.18","tt4.19","tt4.20","mto1.1","mto1.2","mto1.3","mto1.4","mto1.5","mto1.6","mto1.7","mto1.8","mto1.9","mto1.10","mto1.11","mto1.12","mto1.13","mto1.14","mto1.15","mto1.16"
"Lactate",154.4503,112.5848,138.5274,125.3818,147.7365,112.6898,123.7521,128.2575,93.9814,262.3554,131.2507,195.7451,966.0715,322.7265,554.7067,92.3799,140.8933,104.2205,112.0985,168.7353,158.1844,158.7704,120.8743,95.0187,223.1673,110.4732,118.4404,87.4284,114.1561,123.2489,129.6771,79.6485,93.4827,127.0117,89.5888,78.044,120.6807,159.9901,133.9408,154.5291,115.8634,138.8115,208.4509,108.2805,98.4098,139.6859,143.5967,104.4934,120.804,136.2793,139.2424,163.7652,110.1211
"Succinate",1749.943,1698.64,1851.7732,1541.2607,1754.0493,1788.6039,1648.1241,1666.8674,1634.8715,1721.4275,1769.5781,1668.8819,1708.6854,1898.1409,1568.7464,1655.9801,1614.391,1575.9735,1638.0913,1728.5505,1664.9491,1545.6228,1699.689,1688.9489,1630.5995,1686.4667,1612.2808,1662.3931,1778.9681,1114.0422,1815.9219,1550.4657,1581.1849,1617.9891,1763.3123,1582.2443,1611.743,1634.7748,1632.9559,1717.0313,1560.4184,1538.0359,1534.9883,1617.3349,1524.301,1498.7158,1621.1345,1583.8224,1598.2235,1503.9476,1651.1369,1386.4783,1563.8967
"Raffinose",60.4121,92.0729,38.3696,47.0475,53.755643,45.6398,53.40195,35.8046,15.8948,55.993614,59.2673,52.6623,53.08052,0,56.493002,63.79259,52.11416,35.4263,42.80282,52.0525,74.3559,45.185,55.0174,51.781083,47.106049,38.8397,50.4122,56.6618,48.671987,32.8532,57.25827,45.1368,43.8993,41.4519,65.5993,56.3945,48.9306,56.1676,42.083,39.0745,25.08244,30.69847,43.2559,71.2619,51.2389,39.8547,68.1996,65.2546,47.0969,55.77905,55.74399,40.1104,45.9018
"Shikimate",40.781,44.2639,39.3523,35.6382,42.371,39.301,32.8657,37.9386,35.0617,34.5625,38.2188,39.6859,35.4998,38.8669,39.8476,38.1634,36.6302,29.9422,31.5035,33.476,35.6703,33.542,44.7268,37.8194,34.7157,34.1795,28.3376,34.6016,29.3318,29.3391,35.1927,34.7869,27.0445,32.7241,37.7017,30.8667,26.7807,38.385,33.9517,36.0015,30.8426,28.4146,35.9306,41.8325,30.3997,25.038,39.6469,33.9817,34.729,30.7384,32.8404,36.7704,35.4436
"Ethanolamine",134.9301,204.993,130.4001,139.7308,160.7913,113.2497,114.9885,114.3766,114.09,109.5251,100.0837,118.8973,128.1922,154.5297,133.1924,99.6721,111.0053,131.4604,120.7082,141.1074,139.4414,138.3012,158.7883,135.0934,122.2414,127.7104,125.421,182.7191,111.5504,112.072,153.5675,139.7274,113.8267,164.788,150.2859,119.3132,95.3459,132.304,410.4902,323.0563,140.0267,153.8771,315.8128,179.0992,139.4166,100.9658,127.8745,141.9232,162.5724,139.7001,131.8599,127.2672,136.1331
"Phosphate",3107.6597,3450.8379,3058.4137,2987.0476,3541.4813,3032.5204,3255.8401,2431.4922,3033.22,3140.0716,3412.3732,3566.7388,3174.752,3250.4193,3264.145,3040.4872,3055.5204,2763.3264,2383.374,3206.1875,3338.2868,3114.0734,3904.3794,3458.2575,3117.2769,3212.4125,2903.9193,3087.2861,2918.4746,2572.3414,3490.5494,2682.9559,2657.1481,3107.1565,3440.8014,3105.1428,2811.2654,2453.4088,2862.6657,2798.0377,2655.5073,1976.4599,2883.3871,2391.6366,2307.8021,2122.3331,2863.2239,2445.9017,2539.9736,2467.104,2749.7592,2683.5357,3060.767
"Inositol-1-phosphate",69.7737,62.4132,68.1981,59.527,78.871,59.1176,48.7477,46.666,58.5564,58.7443,63.3983,62.4342,59.366,71.9036,71.4956,57.7136,60.0935,44.3657,43.1944,54.1761,62.1525,59.6405,76.4013,68.3508,54.7691,59.3346,47.8534,53.974,54.7766,57.6506,51.8867,53.0098,42.6778,52.9496,55.0124,49.0538,39.5669,56.7789,61.391,63.4032,56.49,47.3516,69.1401,63.0045,52.4642,42.9734,67.0166,51.6762,57.3947,57.7553,59.428,70.3746,65.4994
"Galactinol",75.4984,97.3238,80.49,70.3283,95.2138,77.8495,68.6434,57.6419,70.9818,61.4064,70.9736,90.5696,81.264,88.9637,61.2923,68.6992,79.8028,67.7217,60.9295,82.9402,85.7085,66.6347,83.844,79.5969,61.0481,84.2817,73.1125,92.7536,79.042,72.4784,93.5496,66.0399,64.0616,85.5851,90.4149,82.1833,68.9375,75.9137,72.8437,83.443,64.8199,48.8142,65.9679,73.4153,65.7776,54.0589,77.6579,66.5841,63.6369,68.5909,69.3085,66.4633,68.2674
"beta-Alanine",261.8278,324.531,318.546,272.9013,383.4332,320.8791,234.7392,270.5347,229.01,231.1635,229.2021,277.519,266.1857,290.6938,260.3783,259.7739,256.6688,214.1635,206.5979,322.5515,256.5049,226.7546,309.1282,255.0231,213.363,263.4958,190.6166,247.264,210.0914,158.5568,218.0777,171.1459,178.6727,238.2327,248.0622,201.6434,168.3281,266.1805,313.0469,284.8813,253.6996,178.5122,242.8642,300.2352,219.1203,164.3849,245.8808,191.7019,211.5302,161.143,215.9094,228.4601,250.9284
"Isoleucine",62.7408,81.5027,67.4018,52.0787,70.2466,61.4398,58.2055,65.1183,52.6684,38.8588,41.7322,51.081,47.0735,48.7309,50.6074,49.5428,53.3718,50.8772,51.4054,70.8598,57.4798,51.6268,71.9352,57.3819,50.1134,59.2949,50.9901,46.4185,44.767,35.5713,56.1035,42.6547,42.178,55.2492,54.5932,52.3419,44.5543,68.3071,71.2176,98.9285,70.3502,51.9962,61.5192,70.3719,62.7585,42.9625,53.549,48.2668,52.5808,48.4911,52.6937,51.1576,58.3965
"myo-Inositol",3257.0345,2877.8703,3311.6603,3211.3777,3623.4471,2901.9521,2770.4576,2243.3689,2927.7923,3304.9229,3441.9181,3876.1296,3220.5156,3769.8994,3021.6565,3027.7327,3670.4223,2400.7168,2164.223,3171.6372,3222.7713,3175.9275,3796.1166,3283.9004,2922.7386,3077.4465,2789.502,2788.3921,2515.8122,2256.8464,3254.7854,3233.6614,2564.9793,2923.0476,3110.2642,3475.9099,2567.2099,2174.6592,2700.4709,2262.5299,2404.6767,1508.9705,2531.9011,2286.4313,2030.7621,1884.2996,3127.6837,2510.1763,2846.1792,2695.7122,2321.4702,2833.5078,2773.2363
"Glycerol-3-phosphate",0.87966,0.76485,1.4941,1.2226,2.8825,1.1013,0.9803,1.1151,0.989,1.6689,1.6721,1.9189,1.7361,1.5599,1.6254,1.1745,1.8063,0.50463,0.54183,1.298,1.5366,1.5538,1.4422,2.2931,1.1696,2.3614,1.1984,1.0156,1.8723,1.4421,1.5383,1.327,1.0209,1.9009,1.1593,1.0732,0.66343,1.0557,7.9192,1.9131,1.3578,1.005,3.0778,1.6883,1.0117,0.92067,1.8551,1.0951,2.1144,1.2921,1.2954,1.9692,2.1849
"Alanine",133.5223,186.1879,161.3597,137.3876,144.2543,123.9306,44.2366,104.8659,70.4265,9.0923,26.0597,53.8311,33.2322,106.9254,106.879,83.677,27.2239,24.3194,69.2747,60.7486,39.8139,10.0607,78.9886,21.8999,45.8541,22.0095,54.7484,76.4671,19.2152,18.7387,99.9456,87.1387,72.336,104.4852,108.1917,75.4074,54.7529,133.6361,101.2815,165.1704,106.9315,77.3318,65.8713,132.5535,103.5584,71.7214,44.3337,66.8531,47.0922,62.1223,65.9236,80.3123,44.2847
"Pyroglutamate",1906.4092,5208.8418,2320.7322,1946.1374,1970.1395,2887.5968,1349.8856,2856.5574,1583.6428,1491.6052,1468.6695,1632.8513,1485.1968,1753.7626,1575.5884,2030.811,1832.4433,2271.0008,3536.0394,1794.4043,1523.0334,1558.7406,1748.2858,1579.1925,1333.9839,1521.4325,1370.868,2811.9869,1374.0912,1215.8361,1625.1143,1657.2148,1430.4665,1412.4906,1618.0312,1444.6469,1196.4341,3251.9986,1849.1073,3551.6688,2328.1883,2524.9143,1586.4681,3017.1024,2507.3917,1274.6162,1564.8176,1278.6461,1691.6338,1482.0708,1584.5167,1436.938,1759.6319
"Glycerol-2-phosphate",7.6508,12.0897,7.7747,8.8026,10.0746,9.0892,11.4922,8.1496,9.1183,9.0082,10.6148,12.6515,13.911,17.2646,8.8182,8.2957,8.8302,13.4092,8.6652,15.5538,13.7102,9.7496,13.1855,12.3927,12.1023,12.5123,15.3325,18.5619,9.308,12.5841,18.7275,8.7992,10.2783,13.738,15.7338,15.1188,14.639,9.7475,16.0627,11.6982,8.7614,6.1076,8.4097,6.1979,8.0064,8.7675,11.5228,12.1943,7.8864,9.411,12.1225,6.7189,9.0451
"Erythritol",52.4146,58.072,44.1786,54.7337,44.0662,53.2428,36.0047,40.7833,41.3912,30.2755,33.383,36.5377,28.5995,38.1402,53.2818,45.4258,36.3932,37.9453,40.6613,34.6879,31.5974,31.4038,46.298,33.6581,31.4746,28.4495,27.5448,39.0438,23.6163,23.9351,35.6417,34.8278,40.0836,28.9293,37.3403,37.5454,30.1835,50.7013,58.0869,64.8136,48.8243,58.0709,51.0245,42.8005,56.3383,34.5516,36.5137,37.6238,50.0784,34.2083,33.8589,60.5275,37.394
"Spermidine",15.799,12.4902,11.3484,15.7063,20.6589,10.5096,11.6623,22.9,5.5046,8.1229,5.6173,10.3806,12.6308,15.4271,19.5479,5.2301,9.3048,6.9589,9.5212,9.9016,5.5451,6.1893,8.4898,6.7969,6.6342,7.8584,5.9257,20.4173,5.5654,8.6324,14.4806,27.4502,6.2115,12.4765,11.2206,8.2894,6.1765,6.5338,14.9568,20.0366,8.343,6.6034,19.6068,11.7393,5.1679,3.9078,8.034,9.9497,19.7538,6.771,6.4782,5.3593,8.4548
"Nicotianamine",38.8458,27.6818,39.3392,25.9179,41.4858,26.4697,31.2176,22.6367,25.9302,28.8212,34.9188,43.989,32.3859,42.8492,39.4551,20.5177,20.829,20.9307,12.2957,30.8895,22.7126,15.5621,32.5204,30.0753,27.2145,18.4165,21.9372,20.7387,18.0431,20.6421,33.6923,40.0697,20.6545,28.95,37.0525,30.7082,24.1898,21.1352,31.0176,32.5117,32.7851,14.8635,26.2698,29.778,19.8485,28.4747,41.6285,47.335,32.8337,31.7499,49.5634,38.3847,31.0021
"Methionine",12.105,16.4585,11.7215,9.9384,10.7658,10.9373,8.1732,9.4627,8.7576,7.8783,7.8058,8.8869,7.7841,8.8869,9.3901,8.1828,10.1063,8.7763,8.2422,9.7114,8.4771,8.2818,10.0875,8.596,6.9359,8.365,7.5658,8.1544,6.6952,7.0557,8.6105,9.4278,6.7863,7.6385,9.2184,7.3492,7.2252,86.7068,51.2529,101.4149,50.5351,51.1832,50.0092,96.7959,61.8565,46.3519,61.1662,52.9276,59.4538,47.133,52.7109,48.6155,65.9368
"Threonate",72.4011,50.6197,68.2149,59.9923,72.1,62.2192,54.1452,47.6781,54.6865,57.6819,63.8852,66.0277,58.4002,68.5292,65.3938,59.8115,55.0547,43.5445,42.8097,52.1063,55.6794,56.2711,71.3453,66.1934,52.1076,52.3997,43.2118,49.0993,44.799,39.624,55.7359,62.0577,39.1323,48.9293,55.6876,48.2243,36.1111,49.5053,65.0073,51.6876,50.6488,40.8032,65.2462,64.3198,49.2134,38.9861,64.5179,55.3642,69.3186,54.6338,52.9173,67.3024,63.8693
"Putrescine",1018.4383,1141.43,1075.2835,1029.5957,1121.267,1072.5794,1060.3675,1066.8483,1050.3109,1041.5592,1026.7498,1064.4331,1093.9873,1100.4871,998.1829,1031.5931,1079.3449,1034.8958,1063.5282,1057.7916,986.62,992.1177,1034.9758,1050.2448,1015.4038,1036.9744,998.4627,1031.4648,1077.2478,811.1404,1046.7615,984.003,1030.8968,1038.98,1076.3404,1053.8716,1018.1818,1082.383,1048.0825,1156.9026,1056.8379,985.9021,1006.0533,1019.4611,997.5506,947.8668,1014.927,1002.2206,1035.4229,925.0273,975.5994,890.758,1001.2815
"Tetradecanoate",611.4428,623.0602,625.6411,598.9443,614.6188,620.8705,603.2446,620.3295,604.6227,594.9086,600.0505,601.1452,613.1945,612.5602,601.8778,602.0776,599.2993,604.2217,614.7874,615.6432,591.8861,600.1764,609.8723,611.2171,596.5383,608.4797,594.2232,609.7832,635.9269,597.7553,628.4176,608.8198,589.2914,602.5998,610.0716,594.0812,592.4226,614.1915,594.9946,623.2032,622.2546,606.2411,600.4469,611.028,607.0885,587.6186,599.6324,608.4782,611.5825,597.0705,586.0768,548.52,595.045
"Glycerate",152.5962,117.6259,112.5892,138.7681,119.756,107.3704,80.5413,101.7349,104.1307,85.0224,91.3879,114.1303,86.6113,100.1406,98.2325,99.0514,99.9008,83.4399,73.7087,114.7927,97.306,96.699,127.1629,111.2845,83.1209,117.7687,86.2949,97.2814,83.8144,67.2717,96.3649,79.5602,79.1407,96.3064,99.5791,94.7837,84.8305,104.3024,106.4648,108.1494,89.7038,69.9964,107.5434,109.5092,80.512,70.5068,111.112,85.2077,123.2581,82.1714,127.7924,101.6937,119.911
"Campesterol",22.0463,36.8034,23.7285,22.9844,38.98,23.2644,25.4899,20.5382,25.4036,21.2197,23.0107,29.9519,29.5205,29.5661,19.6713,21.3995,26.7591,26.8716,21.0971,35.3502,31.8096,24.6272,30.2103,28.9786,21.3698,33.2235,31.977,30.9746,30.9263,35.0773,34.9235,21.2215,20.9391,38.5747,32.1295,28.3666,25.4996,17.8941,18.2292,18.3956,19.9453,9.1197,16.2601,14.5072,15.0046,14.6153,18.2807,14.8455,13.1538,14.5977,19.5014,17.5289,15.4755
"Dehydroascorbate",39.1814,29.3856,37.5502,44.608,53.8172,50.6861,60.3713,50.07,60.6332,50.852,71.1435,78.5754,68.2511,61.3621,66.7254,74.5231,65.8079,56.084,35.7008,73.1589,60.6787,74.0713,105.2809,104.7349,74.809,86.1042,73.979,67.6961,69.6675,56.1277,76.0234,60.1884,68.422,69.6021,79.3513,98.0944,69.0281,71.8488,58.394,78,88.1716,56.563,92.1673,91.9984,91.2114,77.2555,91.3147,87.8553,92.1883,87.8281,102.0385,141.4667,120.8672
"Dihydrouracil",124.9544,104.5012,124.6896,118.3341,95.8946,114.5231,125.7398,152.0232,116.0737,101.7897,120.4938,111.5708,107.3926,116.1296,146.4353,109.3975,117.7423,116.7448,139.3067,117.7332,109.8526,162.4118,114.1499,108.8637,131.5797,116.298,131.124,108.6667,115.2427,139.4856,120.2326,141.4178,127.2189,109.6127,120.0692,100.829,126.1259,105.1047,105.8295,105.6229,120.7416,109.2056,93.7215,100.0653,94.7109,102.2191,92.5415,94.3687,93.2774,95.6878,82.9711,47.0908,88.6501
"Glucose",5761.4323,7033.8606,6267.9765,5743.0491,7622.3013,6396.7109,6783.1552,6268.59,5622.7765,6235.8465,7129.9615,6694.3353,7964.8641,8162.8393,5658.2873,6175.5555,6161.6132,6727.0032,6105.5627,7563.1796,6723.4126,6451.6842,7281.9653,7786.3228,6834.7985,7432.6787,7920.4777,8319.269,8514.8108,6050.8965,8227.7799,5908.4517,7218.9974,7585.9966,8106.4443,7869.9547,6846.4658,7305.2861,7944.4742,8179.6808,6927.2012,5589.3245,6088.2607,6077.9131,5826.9049,5952.973,7210.1947,7351.1664,6682.6018,5897.9817,7212.5165,5360.5175,5999.1537
"Pipecolate",48.2744,27.855,38.7696,30.6883,35.7431,30.0626,27.0557,25.8832,14.479,17.641,26.2987,34.2249,31.4761,32.6876,37.6896,10.0973,15.491,9.3198,9.4954,23.494,30.8569,4.1092,32.7474,26.599,32.1552,15.7105,20.098,15.5651,18.9702,10.1942,32.1324,24.8978,15.0093,20.2421,36.5587,17.4845,17.1943,0.50042,13.1205,7.0273,0.83405,0.10763,19.4616,8.2325,0.017352,1.863,12.5277,15.0657,11.6455,11.6033,13.3364,14.2082,0.79052
"D-Glucose-6-phosphate",81.7667,103.7398,82.986,77.4157,80.8637,99.387,72.6753,48.5927,91.8496,71.8521,71.8238,87.8349,69.5239,68.6707,58.2171,85.813,89.3583,82.1553,63.5996,95.7392,95.2148,94.7296,117.2653,99.1032,80.0081,102.4256,82.47,68.1008,77.2512,68.5354,96.2478,74.1751,74.3652,87.3743,96.4357,99.7336,75.8892,100.6957,64.3455,90.5262,89.5276,70.0711,66.0861,89.31,84.3741,66.1815,86.874,67.4575,59.4765,78.8906,78.1289,89.974,84.0487
"Threonic acid-1,4-lactone",39.1692,33.8507,37.7614,27.6657,34.7515,35.5984,27.9654,26.489,31.8365,24.494,28.26,35.8626,27.886,32.2563,25.3512,30.782,32.1488,32.3183,23.6604,32.0121,33.2389,30.1298,43.0812,39.6507,32.4582,34.8168,32.2566,33.6698,32.8503,30.1828,35.7258,33.1125,25.3096,28.1501,32.6215,30.4501,26.3444,17.4741,33.4454,19.3667,23.0986,13.1357,22.5399,27.8892,22.6764,16.0251,25.1835,20.4467,20.2346,21.1724,20.8949,29.6136,22.1161
"Aspartate",228.5725,425.9916,246.3122,200.7875,252.6017,299.6962,177.2227,237.4435,228.2715,163.8323,163.6863,218.8753,180.6219,201.6641,162.9556,235.4858,224.7326,242.7454,244.0634,227.4426,202.7247,186.2203,234.0684,209.9082,171.4412,222.9265,183.4041,241.6673,206.5734,170.6656,225.6852,198.0446,183.6668,215.8042,220.2708,190.2026,165.2845,313.3311,202.8693,324.0428,247.4067,216.3481,197.9848,304.7892,242.807,151.7743,183.7351,150.9579,171.7386,178.2672,175.3622,185.1538,196.4116
"Lysine",57.4623,61.008,57.8997,40.3043,53.7148,53.2958,41.9594,43.123,37.5293,34.6719,32.0207,39.6227,37.9424,40.4648,38.0967,33.7943,39.3367,39.5371,38.0196,50.6346,41.446,37.2413,51.7025,41.8633,37.665,40.1521,35.8495,35.6019,33.6445,31.3223,46.2348,44.1955,31.2636,40.1682,45.9043,39.7184,33.113,53.3585,50.4045,77.42,53.023,37.4395,44.5798,55.2149,43.3708,34.5856,41.8621,41.7237,41.4516,41.4698,46.031,42.7958,45.5648
"Hexadecanoate",731.065,761.7096,745.558,738.9558,777.4529,719.726,754.5639,741.5993,714.3035,711.0331,743.9062,755.9496,775.4316,790.6702,738.1886,712.3345,740.2986,716.3882,714.4245,768.3035,726.6047,713.5397,732.9671,729.2927,722.6793,756.184,719.3185,746.9791,811.0513,737.6657,769.6862,717.504,716.6978,776.8656,766.1475,764.9547,745.1216,791.4951,817.6913,791.0834,781.4349,778.0826,762.8355,684.3487,749.0106,811.436,734.6388,785.4651,719.3512,713.258,810.2104,1059.6885,739.3629
"Tyrosine",30.2126,29.0017,33.0458,25.8548,33.3284,27.1629,26.3446,23.9141,23.9415,22.2111,21.042,24.784,21.9462,22.1416,24.0647,21.6821,24.9538,23.1802,18.1228,30.8808,26.9149,25.7677,33.7357,26.323,23.6216,26.3071,21.8063,19.4708,19.4614,17.9215,24.2916,20.3434,17.8136,23.2251,25.5128,23.5079,19.7767,25.81,32.6457,37.7961,30.8736,21.0361,29.6344,27.572,26.8913,19.2251,26.1277,24.8854,25.7476,23.5364,24.978,27.4481,27.2116
"gamma-Amino-n-butyrate",655.3981,988.6187,760.6567,600.6455,790.398,707.8702,402.4136,541.1792,477.3116,379.3476,367.1066,537.6632,401.2455,474.9009,478.6218,495.5114,560.893,533.3578,700.5875,620.7897,480.6499,470.2312,538.4025,430.5919,359.7232,456.7299,386.4187,595.0973,408.5196,308.7362,482.4227,460.3483,392.2712,497.6819,486.4235,401.8489,306.4705,781.3837,631.4226,757.0272,627.2276,578.523,500.3762,866.0475,649.8255,387.6247,441.4479,382.37,507.2623,462.7425,369.3839,438.7129,488.7332
"Glycine",4.2547,7.5839,4.4001,4.3013,5.0146,3.9111,2.3322,3.3785,2.3145,0,0.4278,1.3672,0.74814,4.0535,4.4666,5.0491,0.23226,0,2.4693,1.5885,1.0497,0,3.5437,0,1.2757,0,1.6906,2.2113,0,0,4.8734,2.2001,2.6657,4.5052,5.0817,4.8787,2.3128,3.8312,4.4182,6.4638,5.7939,2.5622,3.1783,3.4,4.1126,3.4035,1.7977,3.2181,1.9195,2.3388,2.7431,4.1965,1.2556
"Glutamate",614.8357,951.0304,686.1178,612.0797,697.3578,716.7516,602.1973,708.0012,631.1175,575.2063,555.9993,612.939,610.5976,644.1712,515.865,644.265,603.0746,622.9081,640.7796,655.4277,581.6011,513.2027,571.0711,575.6046,530.7748,597.8964,542.689,626.273,612.8499,433.1098,653.1777,567.5749,596.3126,643.5224,665.8013,598.7487,584.9626,722.8394,591.078,732.4921,659.149,565.9203,526.7428,677.5853,584.7171,524.0618,558.3398,546.429,519.8695,503.9487,572.3563,507.9713,557.8823
"Urea",14.2815,23.6351,13.5737,17.0733,20.8887,18.5056,15.3411,15.6373,12.3427,1.4615,7.7002,11.524,12.5352,16.9173,13.46,17.5117,8.9097,11.3003,24.0691,18.0374,12.6322,2.3105,15.7087,7.9677,10.9426,9.521,18.5758,22.714,8.9628,0.53602,18.071,8.7097,16.8639,21.4184,17.8266,18.2763,15.2674,25.8944,24.1258,31.2397,19.2256,19.7592,12.9815,15.8746,17.0021,16.1333,16.6219,15.9807,16.3873,13.678,11.9814,12.855,10.7694
"Fructose",4317.8872,3104.2329,3843.7197,3699.8778,4607.6171,3898.512,4702.4057,3109.5015,3997.3508,4668.3435,5353.2482,4918.6692,5715.9378,5291.2734,4427.7331,4842.9588,4583.7721,3483.6914,3712.2318,3834.3278,3884.6765,4468.4477,5055.0831,5126.6395,4378.2511,4255.5901,4738.4318,3845.6195,3754.7507,3093.9905,4239.7828,4006.7319,3884.4167,3563.6941,4269.5928,4525.2014,3355.3668,4173.2079,3975.1309,3750.2725,3659.7112,2594.2627,3790.9243,3966.7079,3342.4341,3006.1743,5034.5674,4363.779,4646.0842,4197.3308,4051.8845,3971.4298,4474.8648
"Sucrose",6069.8859,6619.9946,6782.9844,6373.3127,7661.6539,6287.7468,8688.3456,5657.4233,6464.5366,9416.0659,10150.1078,7694.8706,11822.8779,11545.9411,7724.9242,9405.3818,7031.6986,6811.163,6413.8124,6702.9062,6391.4053,6886.3768,6960.3712,8154.5021,7191.4697,7051.4605,8065.3015,7488.724,8146.4821,6170.1998,7322.6347,5769.8652,7116.3376,6116.9267,7201.4469,7989.9159,6449.4545,7311.547,5993.8372,7427.4324,7192.4262,4915.6465,5487.6857,5442.9066,6160.4245,5879.4473,8127.9726,8035.6418,7274.4431,6489.7629,8198.6462,5842.9826,6658.69
"Galactonate",99.5768,83.7166,95.2637,93.7391,112.2922,78.6155,75.832,59.8304,84.2235,85.9626,88.6019,116.1852,83.9031,93.3893,98.4753,80.8072,92.4758,55.6025,44.9097,76.8433,79.9161,70.2058,113.6109,100.7873,77.025,86.8081,68.0105,69.2987,73.5778,68.3187,79.4391,73.2909,55.5117,74.5211,80.2087,86.2878,57.572,63.407,84.9726,74.5949,70.3824,50.7786,96.1473,79.2228,68.9369,63.4532,89.4789,81.4586,86.9818,88.2502,75.2366,115.3482,90.4603
"beta-Sitosterol",128.1431,172.8788,132.9834,126.4891,186.8788,131.0308,137.7007,113.2189,126.2452,117.1954,131.5822,163.7317,171.4005,177.0856,123.5475,114.3813,136.0495,128.6412,104.1483,174.7072,165.8383,125.1589,166.9119,148.3282,121.5909,162.2124,153.9741,175.2102,160.5304,177.6075,191.0602,128.0836,115.214,191.4539,180.4607,150.7025,138.2568,132.4093,129.9019,142.3943,124.3483,84.5021,130.1659,125.2444,105.2913,107.4422,154.6983,127.0449,130.17,122.2268,148.4958,126.6004,125.5742
"Cholesterol",257.4535,336.8185,279.7696,269.0294,369.8865,270.1315,309.9719,270.1035,274.2604,278.3941,302.8667,303.1818,390.1221,375.2611,254.6457,258.6576,274.3433,311.2868,302.7426,371.5077,336.7582,272.0666,273.9451,304.7566,270.6631,364.9049,338.8955,363.9883,388.4348,366.4953,373.9703,270.5773,297.6044,390.8391,358.3095,315.6264,347.9218,317.448,259.1864,330.8534,281.7784,240.2992,249.587,254.8838,254.4638,272.5206,308.0528,273.729,266.954,247.3186,330.7461,248.92034,258.4974
"Citrate",958.9653,496.6351,928.5709,571.7437,799.6311,834.33,618.8711,378.0659,560.3578,670.1169,796.1536,701.7842,676.5588,821.4262,820.8078,621.6639,645.3717,627.3971,333.114,615.477,604.3091,501.0543,802.0035,808.1254,637.9345,529.8196,493.1231,560.0126,539.2258,481.3026,623.2526,878.771,472.1157,561.2904,607.5856,547.4501,368.6231,634.5258,866.7024,565.8728,926.6949,764.309,1022.1833,947.2602,811.8805,704.2811,998.5632,1005.7695,1063.5381,729.4211,871.7901,1107.7752,896.2233
"Glutamine",302.0056,1269.5988,523.1051,313.9554,506.6929,486.3953,226.7826,571.9693,195.5645,239.6442,194.0581,249.9858,264.4131,365.477,227.547,237.0848,208.391,298.7955,412.201,322.1155,189.5155,90.5552,151.1662,153.6603,122.1632,168.6501,121.8718,309.8503,177.9631,165.2072,277.3587,246.6735,195.5671,263.8185,298.2891,196.3571,157.9152,601.7435,291.3522,702.5595,399.3421,291.5578,185.6915,456.6885,258.6922,153.3862,229.8047,208.3827,219.877,150.5749,272.1493,213.5713,198.0889
"Proline",1425.5403,1750.0433,1474.9937,1302.7099,1537.2633,1547.7503,1492.9356,1707.1246,1446.6146,1175.627,1404.5487,1375.7121,1521.6287,1802.5174,1310.4989,1444.2547,1430.0542,1389.7754,1443.5391,1649.9161,1416.1927,1042.7818,1467.3538,1424.7268,1379.2363,1440.6985,1422.5138,1490.0291,1471.8217,679.4963,1571.8218,1272.8696,1394.2928,1489.603,1666.6632,1423.1624,1458.3835,1552.2897,1452.1538,1617.6938,1403.0736,1228.5327,1377.077,1486.7246,1312.2476,1339.8816,1580.2482,1473.585,1480.8924,1221.0623,1625.876,1226.8714,1365.0283
"Trehalose",40.4043,31.6081,36.5715,26.5716,43.2395,31.5965,30.3794,26.0495,25.8264,31.7523,38.9646,32.4022,37.7791,47.9032,33.0836,27.9049,30.502,25.7216,17.5877,27.3355,29.6255,20.8644,36.3696,32.2003,25.0907,28.4191,25.7707,28.4468,27.2567,28.2801,31.9218,26.5883,20.6051,27.9865,35.3967,25.6614,23.5236,26.7795,27.7815,29.7083,28.3278,16.5164,30.6302,30.6995,26.4866,22.9187,37.2383,36.6191,29.1124,31.0987,40.2544,37.6551,31.2715
"Malate",707.7733,624.612646,631.8183,523.48699,763.5622,755.3667,574.0207,484.50878,710.759,507.05492,572.1516,695.2426,543.11611,592.90543,527.59075,639.9248,700.0915,627.2877,511.4219,680.8518,624.20546,624.0235,779.4337,689.3213,519.634,647.3666,546.1871,576.5999,584.579363,454.66424,620.47583,551.35966,508.39054,640.6143,605.87433,548.13192,425.98614,697.3701,709.7847,722.3194,692.5097,656.0629,756.8548,738.4397,686.5166,440.05129,647.5432,526.02314,754.7904,512.6656,487.7787,625.8972,581.0273
"Valine",147.4245,197.0517,156.379,126.7924,170.8582,149.1596,129.2439,151.2234,125.0442,61.1243,92.6891,119.293,111.2736,122.9546,116.6926,125.606,117.3066,115.8382,126.8691,157.8586,126.5295,78.7259,150.8962,118.6881,108.8583,123.5292,108.2591,116.6729,94.8907,35.2014,125.6201,103.8185,95.9233,123.7425,129.4418,116.1852,97.6546,165.1849,154.509,215.3136,158.3398,124.9355,132.1945,165.5932,148.1974,99.6128,124.2822,108.8712,120.4393,107.6322,121.4293,116.9446,130.6427
"Fructose 6-phosphate",24.3705,34.879,25.9846,25.2728,26.9081,27.9861,23.7228,21.0951,27.3274,21.5375,21.982,30.8341,24.3583,24.2565,20.249,25.8175,29.4175,28.1029,24.1186,32.9585,32.0357,29.6228,35.5121,32.6556,25.8578,30.4409,30.7651,28.8274,24.4605,23.3884,29.529,23.6591,27.5053,31.8495,30.1325,35.0082,27.7737,29.4001,26.4525,30.237,29.8964,21.099,24.9957,30.29,24.9366,22.0064,27.1786,23.1535,19.6053,24.2715,24.5403,26.8716,27.5381
"Threonine",487.4916,532.9618,555.2368,387.6106,554.657,507.0482,383.3313,467.3636,406.6643,364.6674,386.0846,437.1873,373.2833,423.5184,402.926,431.2512,445.9569,419.7925,389.9188,495.2296,406.6706,377.9676,525.7099,409.8844,355.2513,435.7915,335.9792,405.9881,371.3481,299.8185,394.9394,336.8621,337.6191,394.9518,433.9063,360.1165,301.9985,370.8482,377.311,448.9439,365.6678,306.233,350.2308,389.4809,365.6096,224.203,311.5643,252.3761,326.5786,261.5033,282.969,301.3979,325.5048
"Serine",17.8147,18.9231,24.6437,16.8214,26.9363,17.3923,13.5651,16.1261,12.0916,46.3338,17.535,14.5848,12.668,24.3513,24.1412,17.9854,20.1479,14.9427,12.0269,14.9529,16.5667,49.8457,31.9636,17.3885,15.4932,17.6833,18.6595,20.1013,19.9686,62.737,22.8976,13.0365,24.0167,26.1023,26.7662,28.7507,19.6272,25.6739,34.698,37.7328,33.8206,16.4883,19.471,19.6738,24.0596,21.9829,19.9032,27.4657,21.1268,17.9687,20.6107,24.3907,15.1773
"Tetracosanoate",12.7616,21.7244,14.358,16.5711,19.0464,15.2757,17.4671,14.9,15.1075,13.7735,17.2307,22.95,23.1298,24.4648,14.1528,13.2677,14.3005,19.165,13.4684,26.2041,18.3666,14.8792,18.6189,17.9291,16.0089,17.5036,22.5584,25.9709,16.9363,19.4631,27.3951,14.7601,14.7064,21.0916,22.212,23.1536,22.9822,14.8586,18.9535,17.497,15.6779,10.8141,12.9963,12.7044,14.7649,13.4968,17.6981,17.6603,16.7014,14.7233,17.5997,12.9607,14.7499
"Phenylalanine",35.4448,34.7907,34.4113,30.1405,36.0325,25.6879,28.1466,26.5541,25.0391,25.0251,23.0473,28.3794,23.5316,25.6315,28.8468,22.2994,29.6398,21.1676,18.134,30.6915,26.4164,26.9333,36.8406,28.7594,25.1918,28.5211,25.5561,22.3862,24.4737,23.423,28.987,24.121,21.074,26.7904,26.0249,27.3671,23.7762,20.9634,32.8397,32.7141,27.5557,19.6031,33.1664,28.5099,25.4105,20.2743,27.9226,27.6918,28.9869,28.3085,26.2514,29.8598,30.4254
"Salicylate",957.1685,1006.3073,989.7091,941.6478,995.0612,967.0538,944.1341,989.3293,949.0596,925.7103,921.486,959.6871,932.9855,956.4727,847.4193,905.1459,944.5031,930.4386,986.8788,1004.9168,948.3253,909.6796,963.2656,923.945,897.3786,953.6324,877.4036,918.8596,976.532,701.3327,956.3031,851.9449,856.3698,967.9476,971.3385,879.283,896.0361,968.0383,951.3121,1013.3727,978.6019,957.9492,935.2366,945.6965,948.7245,897.5943,928.0566,910.8998,923.8514,899.6043,912.1532,805.9918,904.976
"Asparagine",5.3328,15.9069,7.2841,4.4581,4.6744,6.1221,2.924,7.2771,3.1353,2.1842,1.8913,2.9405,2.2876,3.6524,3.2011,3.6557,3.0184,7.3366,11.7242,5.2072,2.5765,2.0329,3.2089,2.5219,2.2679,2.3263,2.4857,5.1076,2.1985,1.6939,3.6464,3.3294,3.5176,3.6032,4.6204,2.8235,2.909,13.5047,5.3813,13.3106,8.8942,9.9901,3.3084,7.562,8.7269,3.5116,2.3184,2.4187,3.6676,2.1792,3.428,3.1575,3.4701
"Fumarate",39.3264,25.2641,28.3481,19.1341,37.4924,28.3905,21.0726,20.9764,19.5944,21.7717,23.8592,23.1261,26.4923,32.0324,22.6207,21.2512,20.0258,20.4033,16.8048,25.1208,24.8523,18.4319,29.3757,23.248,18.4097,23.3932,17.9098,24.3752,31.5944,17.6667,24.5114,21.919,17.022,25.0366,24.6962,17.6153,15.9334,25.9371,28.6236,30.1709,23.4593,20.8704,24.8824,29.6438,20.8076,15.0696,25.4034,21.1143,22.8372,18.9493,21.7246,20.7776,20.428
"Linoleate",43.8258,68.1818,39.0883,34.4116,55.0539,31.0468,58.1498,56.1945,43.1156,36.6855,33.461,40.6199,52.5335,52.3304,44.3789,45.2654,42.1731,46.0906,51.1797,56.436,61.1551,52.1913,48.6216,48.9808,59.116,58.1807,47.748,53.5401,57.3083,54.9564,58.798,55.0754,50.4688,78.6582,69.7345,50.3945,54.512,47.7655,58.1697,62.5162,49.2015,33.5926,37.7377,35.8303,31.7479,39.8081,50.466,31.4443,31.432,31.6394,51.0149,60.9438,41.0541
"Stearate",32.2145,30.9152,32.8972,35.7575,34.9806,24.9654,34.0148,25.381,24.2344,26.0697,32.2948,39.7983,26.8546,39.2291,39.8914,23.2167,26.875,24.7098,23.3518,29.6334,21.8006,21.3,24.219,18.6157,23.7268,25.3735,24.8274,30.0435,25.2595,25.536,26.0055,22.2157,22.545,30.3231,26.9406,35.3766,30.7626,46.7961,45.401,42.5263,40.5493,50.9396,46.4554,20.868,40.6458,59.2293,29.902,51.7757,31.7795,31.7794,59.3077,214.6171,36.6293
